{"cameraMode":{"drawMode":0,"name":"Shaded","section":"Shading Mode"},"sceneLighting":true,"audioPlay":false,"sceneViewState":{"m_AlwaysRefresh":false,"showFog":true,"showSkybox":true,"showFlares":true,"showImageEffects":true,"showParticleSystems":true,"showVisualEffectGraphs":true,"m_FxEnabled":true},"in2DMode":false,"pivot":{"x":231.88473510742188,"y":53.888153076171878,"z":-34.322418212890628},"rotation":{"x":0.14678846299648286,"y":-0.34321528673171999,"z":-0.054399628192186359,"w":-0.9261216521263123},"size":400.98419189453127,"orthographic":false}